{
  "project_info": {
    "project_number": "716633478476",
    "project_id": "cancer-60333",
    "storage_bucket": "cancer-60333.appspot.com"
  },
  "client": [
    {
      "client_info": {
        "mobilesdk_app_id": "1:716633478476:android:a444aad07ff4bb0acf2be9",
        "android_client_info": {
          "package_name": "com.example.cancer_prevention"
        }
      },
      "oauth_client": [
        {
          "client_id": "716633478476-po8vodnhqhirmp5m6t4lla3bl6r3eplb.apps.googleusercontent.com",
          "client_type": 1,
          "android_info": {
            "package_name": "com.example.cancer_prevention",
            "certificate_hash": "33de1ccc84d7beaee0d670f2b208747524975973"
          }
        },
        {
          "client_id": "716633478476-t37hjfnfuqr400hlb3onk7tbrnfu7gdh.apps.googleusercontent.com",
          "client_type": 3
        }
      ],
      "api_key": [
        {
          "current_key": "AIzaSyA6MDzmDpgMKh4mLsKuW1Se425k5qxSpJ4"
        }
      ],
      "services": {
        "appinvite_service": {
          "other_platform_oauth_client": [
            {
              "client_id": "716633478476-t37hjfnfuqr400hlb3onk7tbrnfu7gdh.apps.googleusercontent.com",
              "client_type": 3
            }
          ]
        }
      }
    },
    {
      "client_info": {
        "mobilesdk_app_id": "1:716633478476:android:cac56be32d928df3cf2be9",
        "android_client_info": {
          "package_name": "com.example.metting_tranning"
        }
      },
      "oauth_client": [
        {
          "client_id": "716633478476-t37hjfnfuqr400hlb3onk7tbrnfu7gdh.apps.googleusercontent.com",
          "client_type": 3
        }
      ],
      "api_key": [
        {
          "current_key": "AIzaSyA6MDzmDpgMKh4mLsKuW1Se425k5qxSpJ4"
        }
      ],
      "services": {
        "appinvite_service": {
          "other_platform_oauth_client": [
            {
              "client_id": "716633478476-t37hjfnfuqr400hlb3onk7tbrnfu7gdh.apps.googleusercontent.com",
              "client_type": 3
            }
          ]
        }
      }
    }
  ],
  "configuration_version": "1"
}